Country,ISO3,Year,Female Literacy,Female Secondary Completion,Maternal Mortality,Skilled Birth Attendance,Infant Mortality,Under5 Mortality,GDP per Capita,Health Expenditure,Group
Afghanistan,AFG,2022,26.6000003814697,,551.0,,51.6,56.8,357.261152798144,80.6516037,Other
Africa Eastern and Southern,AFE,2022,68.0100021362305,44.5503196716309,269.0,,44.3419940282618,63.2067883145526,1675.90252377611,92.0352883967091,Other
Africa Western and Central,AFW,2022,52.4700012207031,40.2187118530273,674.0,,60.0961055630681,99.2832976933984,2143.07209365676,74.4796108722856,Other
Arab World,ARB,2022,70.9899978637695,68.4719009399414,129.0,,28.7270048384557,36.0409343939478,7960.81158770821,348.767262238545,Other
Armenia,ARM,2022,99.9000015258789,93.0791755828359,27.0,,9.3,10.5,6571.97445545099,674.78619385,Other
Bahrain,BHR,2022,96.1100006103516,103.166826003824,5.0,,7.0,8.4,30470.5219276023,1178.80664063,Other
Bangladesh,BGD,2022,76.5400009155273,85.8813019898072,131.0,,24.4,30.7,2716.48592780431,56.62142181,South Asia
Belize,BLZ,2022,87.879997253418,67.1833244254409,110.0,,10.9,12.8,7068.21728043145,298.01553345,Other
Benin,BEN,2022,41.5099983215332,26.5807399749756,547.0,,47.8,79.6,1266.42711031904,37.76291275,Other
Bhutan,BTN,2022,57.0,69.3197371974921,49.0,,15.1,19.0,3711.32767981591,138.00679016,Other
Brazil,BRA,2022,94.6464003280731,,104.0,,12.6,14.6,9281.33334441234,871.27526855,Other
Burkina Faso,BFA,2022,33.7299995422363,34.8243563274229,316.0,,46.1,79.8,827.330843486661,64.38339996,Other
Central Europe and the Baltics,CEB,2022,99.4700012207031,105.889038085938,7.0,,3.91785867447588,4.693924319098,19526.2463443821,1374.1600690946,Other
Colombia,COL,2022,95.4888520798825,87.4009780883789,74.0,,11.2,12.3,6680.44506854481,507.07064819,Other
Dominican Republic,DOM,2022,93.7060812731136,82.2773412796244,124.0,,29.1,32.3,10104.2464008585,469.34915161,Other
Early-demographic dividend,EAR,2022,76.0299987792969,80.7904815673828,112.0,,27.4783994736483,32.7176454900784,4017.48956260692,191.392926293627,Other
East Asia & Pacific,EAS,2022,94.9499969482422,96.7474670410156,72.0,,11.4,14.0,13219.5863562213,905.114818668488,Other
East Asia & Pacific (IDA & IBRD countries),TEA,2022,95.0999984741211,97.1366119384766,74.0,,11.9768707680509,14.7957069398733,10220.556668162,566.052535523033,Other
East Asia & Pacific (excluding high income),EAP,2022,95.1600036621094,97.0792694091797,74.0,,12.0161581242148,14.8448601956501,10107.0569545516,566.030286298373,Other
Ecuador,ECU,2022,95.7200012207031,95.0487913410255,69.0,,11.2,13.2,6515.58528418336,495.30380249,Other
"Egypt, Arab Rep.",EGY,2022,73.2952391702726,,24.0,,21.8,23.5,4233.30783744856,171.67852783,Other
El Salvador,SLV,2022,87.5932537503433,73.3767555465093,39.0,,9.5,10.8,5074.60050994225,500.20321655,Other
Eswatini,SWZ,2022,90.4100036621094,78.9075503101831,112.0,,45.9,47.3,3894.1620089869,284.75802612,Other
Ethiopia,ETH,2022,49.9599990844727,21.4115390777588,207.0,,48.3,68.1,982.103161502198,27.06845474,Sub-Saharan Africa
Europe & Central Asia,ECS,2022,98.4199981689453,92.0364685058594,14.0,,6.8,8.0,27968.286148204,2811.99788990336,Other
Europe & Central Asia (IDA & IBRD countries),TEC,2022,99.0,95.0569076538086,17.0,,9.44155700127317,11.1412663683546,11422.1622613514,732.6197329168,Other
Europe & Central Asia (excluding high income),ECA,2022,98.2300033569336,91.055419921875,21.0,,12.0899631951036,14.1403721981144,7264.37321853889,366.115150801706,Other
Georgia,GEO,2022,99.5400009155273,96.4222143111428,22.0,,7.7,9.0,6729.84659930283,546.22503662,Other
Guatemala,GTM,2022,78.6100006103516,50.9378322212547,97.0,,18.3,21.9,5356.92435887895,384.06158447,Other
Guinea-Bissau,GNB,2022,52.1599998474121,,539.0,,44.7,72.0,881.602654162231,68.01049042,Other
Heavily indebted poor countries (HIPC),HPC,2022,59.2700004577637,38.9091606140137,329.0,,47.5426552532361,70.9810827482135,1123.26894975331,50.1963992943632,Other
Honduras,HND,2022,88.9231965153054,,48.0,,13.6,16.0,3003.28996826399,244.90408325,Other
IBRD only,IBD,2022,87.1900024414062,92.1462936401367,74.0,,17.7580468498968,21.0193519897855,7679.78639337735,447.260654903885,Other
IDA & IBRD total,IBT,2022,81.5400009155273,75.9796829223633,209.0,,31.6078201284087,43.1834698029139,6024.32591287554,340.419197270122,Other
IDA blend,IDB,2022,60.6599998474121,48.1220588684082,500.0,,54.5314756424168,78.3794185953685,2241.22931753571,74.7290098121786,Other
IDA only,IDX,2022,64.4300003051758,48.5511016845703,288.0,,43.4517115554974,62.9267579403154,1333.98547158611,52.4713106089102,Other
IDA total,IDA,2022,62.8400001525879,48.2960586547852,361.0,,47.2894586734569,68.2791646728512,1651.01916315494,60.2565768256145,Other
India,IND,2022,69.0999984741211,91.2787858002116,90.0,,25.7,29.5,2279.98145719369,81.50888824,South Asia
"Iran, Islamic Rep.",IRN,2022,84.6975619987299,85.7467498779297,21.0,,11.0,12.1,4721.20437099984,250.23272705,Other
Jamaica,JAM,2022,90.8099975585938,,138.0,,16.9,18.4,6626.47502388538,521.12023926,Other
Late-demographic dividend,LTE,2022,95.4499969482422,96.8592300415039,39.0,,7.66131039171759,9.62694958591045,12287.4566066286,757.7803277233,Other
Latin America & Caribbean,LCN,2022,94.3899993896484,85.1171569824219,93.0,,13.9,16.0,9412.05924553392,732.077211521163,Other
Latin America & Caribbean (excluding high income),LAC,2022,94.1100006103516,84.4947967529297,92.0,,14.1215773533943,16.2946960724099,8838.67169511547,689.108261314266,Other
Latin America & the Caribbean (IDA & IBRD countries),TLA,2022,94.3000030517578,85.0774993896484,90.0,,13.9827191462039,16.1341844487967,9177.79711881332,731.083036553733,Other
Least developed countries: UN classification,LDC,2022,61.1399993896484,46.2516098022461,297.0,,44.7278486697942,65.2073899956534,1298.29338219278,47.759406094258,Other
Low & middle income,LMY,2022,81.3199996948242,75.7171173095703,212.0,,32.0281018991026,43.7631591536405,5626.6962378216,310.053897751789,Other
Malaysia,MYS,2022,94.6699981689453,82.005594629766,38.0,,6.9,8.2,11754.5678336248,458.21963501,Other
Mexico,MEX,2022,94.3899993896484,94.6086273193359,45.0,,12.8,13.8,11405.7940469896,650.97070313,Other
"Middle East, North Africa, Afghanistan & Pakistan",MEA,2022,66.0199966430664,61.1990013122559,50.0,,34.0,38.7,6436.74030312288,304.783955176052,Other
Middle income,MIC,2022,83.7600021362305,82.5019836425781,179.0,,27.2891085228376,35.6871665968619,6209.92727259514,341.902784730703,Other
Mongolia,MNG,2022,98.9100036621094,98.5771080748229,41.0,,11.6,13.9,4993.51487463495,448.24212646,Other
Mozambique,MOZ,2022,50.8850477869802,,104.0,,45.9,63.9,578.273222184503,47.69813538,Other
Niger,NER,2022,25.6900005340576,14.1569667501596,361.0,,68.0,116.0,613.614736429298,26.50681686,Sub-Saharan Africa
North America,NAC,2022,98.7600021362305,99.8294906616211,20.0,,5.4,6.4,75769.6975468613,11924.6950605155,Other
Oman,OMN,2022,94.8600006103516,89.2704895489549,13.0,,8.5,10.5,23223.5829405935,712.06097412,Other
Other small states,OSS,2022,83.9100036621094,68.0428237915039,116.0,,25.903903002656,30.2201997769141,14326.3081658507,1117.93956877042,Other
Philippines,PHL,2022,97.0,99.249280726358,92.0,,22.4,27.5,3548.06930572116,182.93432617,Other
Pre-demographic dividend,PRE,2022,59.6800003051758,,472.0,,51.70133633076,79.7149340894285,1769.1914721872,68.6305046490946,Other
Rwanda,RWA,2022,76.6999969482422,42.2067940769585,234.0,,30.5,39.7,1007.05989322914,57.83102036,Other
San Marino,SMR,2022,99.9300003051758,92.7835051546392,22.0,,1.3,1.4,54264.5837022908,3874.98535156,Other
Serbia,SRB,2022,99.0999984741211,97.6883163452148,14.0,,4.6,5.4,10024.8191112596,843.57733154,Other
Small states,SST,2022,85.8899993896484,70.9410705566406,102.0,,22.9700556480149,26.8196916083767,13644.5029834497,953.147727709784,Other
"Somalia, Fed. Rep.",SOM,2022,43.9000015258789,,622.0,,89.2,143.1,573.141165798229,16.31684875,Other
South Asia,SAS,2022,69.9000015258789,91.4454116821289,130.0,,25.2,29.3,2326.72890585805,79.9919658936364,Other
South Asia (IDA & IBRD),TSA,2022,69.9000015258789,91.4454116821289,95.0,,25.2523801257881,29.3184600470079,2326.72890585805,79.9919658936364,Other
Sri Lanka,LKA,2022,91.7600021362305,96.3678244958303,22.0,,5.5,6.3,3342.63650438046,130.09327698,South Asia
Sub-Saharan Africa,SSF,2022,61.9000015258789,42.7926216125488,455.0,,50.8,78.3,1864.70686111925,84.9402456642482,Other
Sub-Saharan Africa (IDA & IBRD countries),TSS,2022,61.9000015258789,42.7926216125488,434.0,,50.7611487561002,77.9064871983318,1864.70686111924,84.9402456642481,Other
Sub-Saharan Africa (excluding high income),SSA,2022,61.8899993896484,42.7895088195801,434.0,,50.7627321291086,77.9091743780286,1863.26040059117,84.8794895814932,Other
Tanzania,TZA,2022,73.129997253418,,152.0,,30.9,40.1,1207.52062988281,35.93323135,Other
Thailand,THA,2022,91.4899978637695,99.529943886569,112.0,,8.2,9.5,6910.00995211206,369.97647095,Other
Timor-Leste,TLS,2022,65.7200012207031,,235.0,,36.7,50.7,2343.24955542816,174.91529846,Other
Togo,TGO,2022,63.6599998474121,58.3731570920183,362.0,,37.0,60.0,1071.61539220759,55.79545593,Other
Trinidad and Tobago,TTO,2022,93.8300018310547,,30.0,,18.0,19.9,20750.5202434652,1266.28820801,Other
Turkmenistan,TKM,2022,99.9000015258789,,5.0,,32.0,41.1,5198.18947409551,579.15454102,Other
Tuvalu,TUV,2022,100.0,96.6292134831461,220.0,,17.6,20.5,5414.74642912412,1300.46679688,Other
United Arab Emirates,ARE,2022,97.5800018310547,106.313962535161,2.0,,4.2,5.3,50759.7590190204,2240.9050293,Other
Uruguay,URY,2022,99.0899963378906,95.9360512976041,20.0,,6.1,7.3,21009.2883798725,1850.80737305,Other
Uzbekistan,UZB,2022,100.0,97.0301346795019,27.0,99.0,13.5,14.1,2698.60262953369,170.64073181,Other
Viet Nam,VNM,2022,95.0800018310547,91.4005841827646,49.0,,12.9,18.4,4147.69777213621,188.22650146,Other
West Bank and Gaza,PSE,2022,96.7200012207031,94.6207135434707,17.0,,12.3,14.1,3799.95527015163,350.63812256,Other
World,WLD,2022,84.120002746582,77.9110107421875,203.0,,29.3,40.0,12876.2377124072,1266.20700430915,Other
Zambia,ZMB,2022,74.2369830427259,,89.0,,35.4,49.5,1447.12310138035,75.40128326,Other
